{
  "NodeType": "HeaderNode",
  "Title": "Windows Server 2025",
  "Children": [
    {
      "NodeType": "ToolVersionNode",
      "ToolName": "OS Version:",
      "Version": "10.0.26100 Build 2605"
    },
    {
      "NodeType": "ToolVersionNode",
      "ToolName": "Image Version:",
      "Version": "20241215.1.0"
    },
    {
      "NodeType": "HeaderNode",
      "Title": "Windows features",
      "Children": {
        "NodeType": "ToolVersionNode",
        "ToolName": "Windows Subsystem for Linux (WSLv1):",
        "Version": "Enabled"
      }
    },
    {
      "NodeType": "HeaderNode",
      "Title": "Installed Software",
      "Children": [
        {
          "NodeType": "HeaderNode",
          "Title": "Language and Runtime",
          "Children": [
            {
              "NodeType": "ToolVersionNode",
              "ToolName": "Bash",
              "Version": "5.2.37(1)-release"
            },
            {
              "NodeType": "ToolVersionNode",
              "ToolName": "Go",
              "Version": "1.23.4"
            },
            {
              "NodeType": "ToolVersionNode",
              "ToolName": "Julia",
              "Version": "1.10.5"
            },
            {
              "NodeType": "ToolVersionNode",
              "ToolName": "Kotlin",
              "Version": "2.1.0"
            },
            {
              "NodeType": "ToolVersionNode",
              "ToolName": "LLVM",
              "Version": "19.1.5"
            },
            {
              "NodeType": "ToolVersionNode",
              "ToolName": "Node",
              "Version": "22.12.0"
            },
            {
              "NodeType": "ToolVersionNode",
              "ToolName": "Perl",
              "Version": "5.40.0"
            },
            {
              "NodeType": "ToolVersionNode",
              "ToolName": "PHP",
              "Version": "8.3.14"
            },
            {
              "NodeType": "ToolVersionNode",
              "ToolName": "Python",
              "Version": "3.9.13"
            },
            {
              "NodeType": "ToolVersionNode",
              "ToolName": "Ruby",
              "Version": "3.3.6"
            }
          ]
        },
        {
          "NodeType": "HeaderNode",
          "Title": "Package Management",
          "Children": [
            {
              "NodeType": "ToolVersionNode",
              "ToolName": "Chocolatey",
              "Version": "2.4.1"
            },
            {
              "NodeType": "ToolVersionNode",
              "ToolName": "Composer",
              "Version": "2.8.4"
            },
            {
              "NodeType": "ToolVersionNode",
              "ToolName": "Helm",
              "Version": "3.16.2"
            },
            {
              "NodeType": "ToolVersionNode",
              "ToolName": "Miniconda",
              "Version": "24.9.2 (pre-installed on the image but not added to PATH)"
            },
            {
              "NodeType": "ToolVersionNode",
              "ToolName": "NPM",
              "Version": "10.9.0"
            },
            {
              "NodeType": "ToolVersionNode",
              "ToolName": "NuGet",
              "Version": "6.12.1.1"
            },
            {
              "NodeType": "ToolVersionNode",
              "ToolName": "pip",
              "Version": "24.3.1 (python 3.9)"
            },
            {
              "NodeType": "ToolVersionNode",
              "ToolName": "Pipx",
              "Version": "1.7.1"
            },
            {
              "NodeType": "ToolVersionNode",
              "ToolName": "RubyGems",
              "Version": "3.5.22"
            },
            {
              "NodeType": "ToolVersionNode",
              "ToolName": "Vcpkg",
              "Version": "(build from commit c26eabb23)"
            },
            {
              "NodeType": "ToolVersionNode",
              "ToolName": "Yarn",
              "Version": "1.22.22"
            },
            {
              "NodeType": "HeaderNode",
              "Title": "Environment variables",
              "Children": {
                "NodeType": "TableNode",
                "Headers": "Name|Value",
                "Rows": [
                  "VCPKG_INSTALLATION_ROOT|C:\\vcpkg",
                  "CONDA|C:\\Miniconda"
                ]
              }
            }
          ]
        },
        {
          "NodeType": "HeaderNode",
          "Title": "Project Management",
          "Children": [
            {
              "NodeType": "ToolVersionNode",
              "ToolName": "Ant",
              "Version": "1.10.14"
            },
            {
              "NodeType": "ToolVersionNode",
              "ToolName": "Gradle",
              "Version": "8.11"
            },
            {
              "NodeType": "ToolVersionNode",
              "ToolName": "Maven",
              "Version": "3.9.9"
            },
            {
              "NodeType": "ToolVersionNode",
              "ToolName": "sbt",
              "Version": "1.10.6"
            }
          ]
        },
        {
          "NodeType": "HeaderNode",
          "Title": "Tools",
          "Children": [
            {
              "NodeType": "ToolVersionNode",
              "ToolName": "7zip",
              "Version": "24.09"
            },
            {
              "NodeType": "ToolVersionNode",
              "ToolName": "aria2",
              "Version": "1.37.0"
            },
            {
              "NodeType": "ToolVersionNode",
              "ToolName": "azcopy",
              "Version": "10.27.1"
            },
            {
              "NodeType": "ToolVersionNode",
              "ToolName": "Bazel",
              "Version": "8.0.0"
            },
            {
              "NodeType": "ToolVersionNode",
              "ToolName": "Bazelisk",
              "Version": "1.25.0"
            },
            {
              "NodeType": "ToolVersionNode",
              "ToolName": "Bicep",
              "Version": "0.32.4"
            },
            {
              "NodeType": "ToolVersionNode",
              "ToolName": "Cabal",
              "Version": "3.12.1.0"
            },
            {
              "NodeType": "ToolVersionNode",
              "ToolName": "CMake",
              "Version": "3.31.2"
            },
            {
              "NodeType": "ToolVersionNode",
              "ToolName": "CodeQL Action Bundle",
              "Version": "2.20.0"
            },
            {
              "NodeType": "ToolVersionNode",
              "ToolName": "Docker",
              "Version": "26.1.3"
            },
            {
              "NodeType": "ToolVersionNode",
              "ToolName": "Docker Compose v2",
              "Version": "2.27.1"
            },
            {
              "NodeType": "ToolVersionNode",
              "ToolName": "Docker-wincred",
              "Version": "0.8.2"
            },
            {
              "NodeType": "ToolVersionNode",
              "ToolName": "ghc",
              "Version": "9.10.1"
            },
            {
              "NodeType": "ToolVersionNode",
              "ToolName": "Git",
              "Version": "2.47.1.windows.1"
            },
            {
              "NodeType": "ToolVersionNode",
              "ToolName": "Git LFS",
              "Version": "3.6.0"
            },
            {
              "NodeType": "ToolVersionNode",
              "ToolName": "ImageMagick",
              "Version": "7.1.1-41"
            },
            {
              "NodeType": "ToolVersionNode",
              "ToolName": "jq",
              "Version": "1.7.1"
            },
            {
              "NodeType": "ToolVersionNode",
              "ToolName": "Kind",
              "Version": "0.25.0"
            },
            {
              "NodeType": "ToolVersionNode",
              "ToolName": "Kubectl",
              "Version": "1.32.0"
            },
            {
              "NodeType": "ToolVersionNode",
              "ToolName": "gcc",
              "Version": "14.2.0"
            },
            {
              "NodeType": "ToolVersionNode",
              "ToolName": "gdb",
              "Version": "14.2"
            },
            {
              "NodeType": "ToolVersionNode",
              "ToolName": "GNU Binutils",
              "Version": "2.42"
            },
            {
              "NodeType": "ToolVersionNode",
              "ToolName": "Newman",
              "Version": "6.2.1"
            },
            {
              "NodeType": "ToolVersionNode",
              "ToolName": "OpenSSL",
              "Version": "3.4.0"
            },
            {
              "NodeType": "ToolVersionNode",
              "ToolName": "Packer",
              "Version": "1.11.2"
            },
            {
              "NodeType": "ToolVersionNode",
              "ToolName": "Pulumi",
              "Version": "3.143.0"
            },
            {
              "NodeType": "ToolVersionNode",
              "ToolName": "R",
              "Version": "4.4.2"
            },
            {
              "NodeType": "ToolVersionNode",
              "ToolName": "Service Fabric SDK",
              "Version": "10.1.2493.9590"
            },
            {
              "NodeType": "ToolVersionNode",
              "ToolName": "Stack",
              "Version": "3.1.1"
            },
            {
              "NodeType": "ToolVersionNode",
              "ToolName": "Swig",
              "Version": "4.1.1"
            },
            {
              "NodeType": "ToolVersionNode",
              "ToolName": "VSWhere",
              "Version": "3.1.7"
            },
            {
              "NodeType": "ToolVersionNode",
              "ToolName": "WinAppDriver",
              "Version": "1.2.2009.02003"
            },
            {
              "NodeType": "ToolVersionNode",
              "ToolName": "WiX Toolset",
              "Version": "3.14.1.8722"
            },
            {
              "NodeType": "ToolVersionNode",
              "ToolName": "yamllint",
              "Version": "1.35.1"
            },
            {
              "NodeType": "ToolVersionNode",
              "ToolName": "zstd",
              "Version": "1.5.6"
            }
          ]
        },
        {
          "NodeType": "HeaderNode",
          "Title": "CLI Tools",
          "Children": [
            {
              "NodeType": "ToolVersionNode",
              "ToolName": "AWS CLI",
              "Version": "2.22.17"
            },
            {
              "NodeType": "ToolVersionNode",
              "ToolName": "AWS SAM CLI",
              "Version": "1.132.0"
            },
            {
              "NodeType": "ToolVersionNode",
              "ToolName": "AWS Session Manager CLI",
              "Version": "1.2.694.0"
            },
            {
              "NodeType": "ToolVersionNode",
              "ToolName": "Azure CLI",
              "Version": "2.67.0"
            },
            {
              "NodeType": "ToolVersionNode",
              "ToolName": "Azure DevOps CLI extension",
              "Version": "1.0.1"
            },
            {
              "NodeType": "ToolVersionNode",
              "ToolName": "GitHub CLI",
              "Version": "2.63.2"
            }
          ]
        },
        {
          "NodeType": "HeaderNode",
          "Title": "Rust Tools",
          "Children": [
            {
              "NodeType": "ToolVersionNode",
              "ToolName": "Cargo",
              "Version": "1.83.0"
            },
            {
              "NodeType": "ToolVersionNode",
              "ToolName": "Rust",
              "Version": "1.83.0"
            },
            {
              "NodeType": "ToolVersionNode",
              "ToolName": "Rustdoc",
              "Version": "1.83.0"
            },
            {
              "NodeType": "ToolVersionNode",
              "ToolName": "Rustup",
              "Version": "1.27.1"
            },
            {
              "NodeType": "HeaderNode",
              "Title": "Packages",
              "Children": [
                {
                  "NodeType": "ToolVersionNode",
                  "ToolName": "Clippy",
                  "Version": "0.1.83"
                },
                {
                  "NodeType": "ToolVersionNode",
                  "ToolName": "Rustfmt",
                  "Version": "1.8.0"
                }
              ]
            }
          ]
        },
        {
          "NodeType": "HeaderNode",
          "Title": "Browsers and Drivers",
          "Children": [
            {
              "NodeType": "ToolVersionNode",
              "ToolName": "Google Chrome",
              "Version": "131.0.6778.140"
            },
            {
              "NodeType": "ToolVersionNode",
              "ToolName": "Chrome Driver",
              "Version": "131.0.6778.108"
            },
            {
              "NodeType": "ToolVersionNode",
              "ToolName": "Microsoft Edge",
              "Version": "131.0.2903.99"
            },
            {
              "NodeType": "ToolVersionNode",
              "ToolName": "Microsoft Edge Driver",
              "Version": "131.0.2903.99"
            },
            {
              "NodeType": "ToolVersionNode",
              "ToolName": "Mozilla Firefox",
              "Version": "133.0.3"
            },
            {
              "NodeType": "ToolVersionNode",
              "ToolName": "Gecko Driver",
              "Version": "0.35.0"
            },
            {
              "NodeType": "ToolVersionNode",
              "ToolName": "IE Driver",
              "Version": "4.14.0.0"
            },
            {
              "NodeType": "ToolVersionNode",
              "ToolName": "Selenium server",
              "Version": "4.27.0"
            },
            {
              "NodeType": "HeaderNode",
              "Title": "Environment variables",
              "Children": {
                "NodeType": "TableNode",
                "Headers": "Name|Value",
                "Rows": [
                  "CHROMEWEBDRIVER|C:\\SeleniumWebDrivers\\ChromeDriver",
                  "EDGEWEBDRIVER|C:\\SeleniumWebDrivers\\EdgeDriver",
                  "GECKOWEBDRIVER|C:\\SeleniumWebDrivers\\GeckoDriver",
                  "SELENIUM_JAR_PATH|C:\\selenium\\selenium-server.jar"
                ]
              }
            }
          ]
        },
        {
          "NodeType": "HeaderNode",
          "Title": "Java",
          "Children": {
            "NodeType": "TableNode",
            "Headers": "Version|Environment Variable",
            "Rows": [
              "8.0.432+6|JAVA_HOME_8_X64",
              "11.0.25+9|JAVA_HOME_11_X64",
              "17.0.13+11 (default)|JAVA_HOME_17_X64",
              "21.0.5+11.0|JAVA_HOME_21_X64"
            ]
          }
        },
        {
          "NodeType": "HeaderNode",
          "Title": "Shells",
          "Children": {
            "NodeType": "TableNode",
            "Headers": "Name|Target",
            "Rows": [
              "gitbash.exe|C:\\Program Files\\Git\\bin\\bash.exe",
              "msys2bash.cmd|C:\\msys64\\usr\\bin\\bash.exe",
              "wslbash.exe|C:\\Windows\\System32\\bash.exe"
            ]
          }
        },
        {
          "NodeType": "HeaderNode",
          "Title": "MSYS2",
          "Children": [
            {
              "NodeType": "ToolVersionNode",
              "ToolName": "Pacman",
              "Version": "6.1.0"
            },
            {
              "NodeType": "HeaderNode",
              "Title": "Notes",
              "Children": {
                "NodeType": "NoteNode",
                "Content": "Location: C:\\msys64\n\nNote: MSYS2 is pre-installed on image but not added to PATH."
              }
            }
          ]
        },
        {
          "NodeType": "HeaderNode",
          "Title": "Cached Tools",
          "Children": [
            {
              "NodeType": "ToolVersionsListNode",
              "ToolName": "Go",
              "Versions": [
                "1.21.13",
                "1.22.10",
                "1.23.4"
              ],
              "MajorVersionRegex": "^\\d+\\.\\d+",
              "ListType": "List"
            },
            {
              "NodeType": "ToolVersionsListNode",
              "ToolName": "Node.js",
              "Versions": [
                "18.20.5",
                "20.18.1",
                "22.12.0"
              ],
              "MajorVersionRegex": "^\\d+",
              "ListType": "List"
            },
            {
              "NodeType": "ToolVersionsListNode",
              "ToolName": "Python",
              "Versions": [
                "3.9.13",
                "3.10.11",
                "3.11.9",
                "3.12.8",
                "3.13.1"
              ],
              "MajorVersionRegex": "^\\d+\\.\\d+",
              "ListType": "List"
            },
            {
              "NodeType": "ToolVersionsListNode",
              "ToolName": "PyPy",
              "Versions": [
                "3.9.19 [PyPy 7.3.16]",
                "3.10.14 [PyPy 7.3.17]"
              ],
              "MajorVersionRegex": "^\\d+\\.\\d+",
              "ListType": "List"
            },
            {
              "NodeType": "ToolVersionsListNode",
              "ToolName": "Ruby",
              "Versions": [
                "3.1.6",
                "3.2.6",
                "3.3.6"
              ],
              "MajorVersionRegex": "^\\d+\\.\\d+",
              "ListType": "List"
            }
          ]
        },
        {
          "NodeType": "HeaderNode",
          "Title": "Databases",
          "Children": [
            {
              "NodeType": "HeaderNode",
              "Title": "PostgreSQL",
              "Children": {
                "NodeType": "TableNode",
                "Headers": "Property|Value",
                "Rows": [
                  "ServiceName|postgresql-x64-17",
                  "Version|17.2",
                  "ServiceStatus|Stopped",
                  "ServiceStartType|Disabled",
                  "EnvironmentVariables|PGBIN=C:\\Program Files\\PostgreSQL\\17\\bin <br> PGDATA=C:\\Program Files\\PostgreSQL\\17\\data <br> PGROOT=C:\\Program Files\\PostgreSQL\\17 ",
                  "Path|C:\\Program Files\\PostgreSQL\\17",
                  "UserName|postgres",
                  "Password|root"
                ]
              }
            },
            {
              "NodeType": "HeaderNode",
              "Title": "MongoDB",
              "Children": {
                "NodeType": "TableNode",
                "Headers": "Version|ServiceName|ServiceStatus|ServiceStartType",
                "Rows": [
                  "7.0.15.0|MongoDB|Stopped|Disabled"
                ]
              }
            }
          ]
        },
        {
          "NodeType": "HeaderNode",
          "Title": "Database tools",
          "Children": [
            {
              "NodeType": "ToolVersionNode",
              "ToolName": "Azure CosmosDb Emulator",
              "Version": "2.14.21.0"
            },
            {
              "NodeType": "ToolVersionNode",
              "ToolName": "DacFx",
              "Version": "162.5.57.1"
            },
            {
              "NodeType": "ToolVersionNode",
              "ToolName": "MySQL",
              "Version": "8.0.40.0"
            },
            {
              "NodeType": "ToolVersionNode",
              "ToolName": "SQL OLEDB Driver",
              "Version": "18.7.4.0"
            },
            {
              "NodeType": "ToolVersionNode",
              "ToolName": "SQLPS",
              "Version": "1.0"
            },
            {
              "NodeType": "ToolVersionNode",
              "ToolName": "MongoDB Shell (mongosh)",
              "Version": "2.3.6"
            }
          ]
        },
        {
          "NodeType": "HeaderNode",
          "Title": "Web Servers",
          "Children": {
            "NodeType": "TableNode",
            "Headers": "Name|Version|ConfigFile|ServiceName|ServiceStatus|ListenPort",
            "Rows": [
              "Apache|2.4.55|C:\\tools\\Apache24\\conf\\httpd.conf|Apache|Stopped|80",
              "Nginx|1.27.3|C:\\tools\\nginx-1.27.3\\conf\\nginx.conf|nginx|Stopped|80"
            ]
          }
        },
        {
          "NodeType": "HeaderNode",
          "Title": "Visual Studio Enterprise 2022",
          "Children": [
            {
              "NodeType": "TableNode",
              "Headers": "Name|Version|Path",
              "Rows": [
                "Visual Studio Enterprise 2022|17.12.35527.113|C:\\Program Files\\Microsoft Visual Studio\\2022\\Enterprise"
              ]
            },
            {
              "NodeType": "HeaderNode",
              "Title": "Workloads, components and extensions",
              "Children": {
                "NodeType": "TableNode",
                "Headers": "Package|Version",
                "Rows": [
                  "android|35.0.7.0",
                  "Component.Android.NDK.R23C|17.12.35410.122",
                  "Component.Android.SDK.MAUI|17.12.35410.122",
                  "Component.Dotfuscator|17.12.35410.122",
                  "Component.Linux.CMake|17.12.35410.122",
                  "Component.Linux.RemoteFileExplorer|17.12.35410.122",
                  "Component.MDD.Android|17.12.35410.122",
                  "Component.MDD.Linux|17.12.35410.122",
                  "Component.MDD.Linux.GCC.arm|17.12.35410.122",
                  "Component.Microsoft.VisualStudio.LiveShare.2022|1.0.5940",
                  "Component.Microsoft.VisualStudio.RazorExtension|17.12.35410.122",
                  "Component.Microsoft.VisualStudio.Tools.Applications.amd64|17.0.33617.0",
                  "Component.Microsoft.VisualStudio.Web.AzureFunctions|17.12.35410.122",
                  "Component.Microsoft.Web.LibraryManager|17.12.35410.122",
                  "Component.Microsoft.WebTools.BrowserLink.WebLivePreview|17.12.8.55161",
                  "Component.Microsoft.Windows.DriverKit|10.0.26100.10",
                  "Component.OpenJDK|17.12.35410.122",
                  "Component.UnityEngine.x64|17.12.35410.122",
                  "Component.Unreal.Ide|17.12.35410.122",
                  "Component.VisualStudio.GitHub.Copilot|17.12.35527.66",
                  "Component.VSInstallerProjects2022|2.0.1",
                  "Component.WixToolset.VisualStudioExtension.Dev17|1.0.0.22",
                  "Component.WixToolset.VisualStudioExtension.Schemas3|1.0.0.22",
                  "Component.Xamarin.RemotedSimulator|17.12.35410.122",
                  "ios|18.1.9163.0",
                  "maccatalyst|18.1.9163.0",
                  "maui.blazor|9.0.0.11787",
                  "maui.core|9.0.0.11787",
                  "maui.windows|9.0.0.11787",
                  "Microsoft.Component.Azure.DataLake.Tools|17.12.35410.122",
                  "Microsoft.Component.ClickOnce|17.12.35410.122",
                  "Microsoft.Component.CodeAnalysis.SDK|17.12.35410.122",
                  "Microsoft.Component.MSBuild|17.12.35410.122",
                  "Microsoft.Component.NetFX.Native|17.12.35410.122",
                  "Microsoft.Component.PythonTools|17.12.35410.122",
                  "Microsoft.Component.PythonTools.Web|17.12.35410.122",
                  "Microsoft.Component.VC.Runtime.UCRTSDK|17.12.35410.122",
                  "Microsoft.ComponentGroup.Blend|17.12.35410.122",
                  "Microsoft.ComponentGroup.ClickOnce.Publish|17.12.35410.122",
                  "Microsoft.Net.Component.4.5.2.TargetingPack|17.12.35410.122",
                  "Microsoft.Net.Component.4.6.2.TargetingPack|17.12.35410.122",
                  "Microsoft.Net.Component.4.6.TargetingPack|17.12.35410.122",
                  "Microsoft.Net.Component.4.7.1.TargetingPack|17.12.35410.122",
                  "Microsoft.Net.Component.4.7.2.TargetingPack|17.12.35410.122",
                  "Microsoft.Net.Component.4.7.TargetingPack|17.12.35410.122",
                  "Microsoft.Net.Component.4.8.1.SDK|17.12.35410.122",
                  "Microsoft.Net.Component.4.8.1.TargetingPack|17.12.35410.122",
                  "Microsoft.Net.Component.4.8.SDK|17.12.35410.122",
                  "Microsoft.Net.Component.4.8.TargetingPack|17.12.35410.122",
                  "Microsoft.Net.ComponentGroup.4.8.DeveloperTools|17.12.35410.122",
                  "Microsoft.Net.ComponentGroup.DevelopmentPrerequisites|17.12.35410.122",
                  "Microsoft.Net.ComponentGroup.TargetingPacks.Common|17.12.35410.122",
                  "microsoft.net.runtime.android|9.0.24.52809",
                  "microsoft.net.runtime.android.aot|9.0.24.52809",
                  "microsoft.net.runtime.android.aot.net8|9.0.24.52809",
                  "microsoft.net.runtime.android.net8|9.0.24.52809",
                  "microsoft.net.runtime.ios|9.0.24.52809",
                  "microsoft.net.runtime.ios.net8|9.0.24.52809",
                  "microsoft.net.runtime.maccatalyst|9.0.24.52809",
                  "microsoft.net.runtime.maccatalyst.net8|9.0.24.52809",
                  "microsoft.net.runtime.mono.tooling|9.0.24.52809",
                  "microsoft.net.runtime.mono.tooling.net8|9.0.24.52809",
                  "microsoft.net.sdk.emscripten|9.0.11.2802",
                  "Microsoft.NetCore.Component.DevelopmentTools|17.12.35410.122",
                  "Microsoft.NetCore.Component.Runtime.6.0|17.12.35504.99",
                  "Microsoft.NetCore.Component.Runtime.8.0|17.12.35504.99",
                  "Microsoft.NetCore.Component.Runtime.9.0|17.12.35527.66",
                  "Microsoft.NetCore.Component.SDK|17.12.35527.66",
                  "Microsoft.NetCore.Component.Web|17.12.35410.122",
                  "Microsoft.VisualStudio.Component.AppInsights.Tools|17.12.35410.122",
                  "Microsoft.VisualStudio.Component.AspNet|17.12.35410.122",
                  "Microsoft.VisualStudio.Component.AspNet45|17.12.35410.122",
                  "Microsoft.VisualStudio.Component.Azure.AuthoringTools|17.12.35410.122",
                  "Microsoft.VisualStudio.Component.Azure.ClientLibs|17.12.35410.122",
                  "Microsoft.VisualStudio.Component.Azure.Compute.Emulator|17.12.35410.122",
                  "Microsoft.VisualStudio.Component.Azure.Powershell|17.12.35410.122",
                  "Microsoft.VisualStudio.Component.Azure.ResourceManager.Tools|17.12.35410.122",
                  "Microsoft.VisualStudio.Component.Azure.ServiceFabric.Tools|17.12.35410.122",
                  "Microsoft.VisualStudio.Component.Azure.Waverton|17.12.35410.122",
                  "Microsoft.VisualStudio.Component.Azure.Waverton.BuildTools|17.12.35410.122",
                  "Microsoft.VisualStudio.Component.ClassDesigner|17.12.35410.122",
                  "Microsoft.VisualStudio.Component.CodeMap|17.12.35410.122",
                  "Microsoft.VisualStudio.Component.Common.Azure.Tools|17.12.35410.122",
                  "Microsoft.VisualStudio.Component.CoreEditor|17.12.35410.122",
                  "Microsoft.VisualStudio.Component.CppBuildInsights|17.12.35410.122",
                  "Microsoft.VisualStudio.Component.Debugger.JustInTime|17.12.35410.122",
                  "Microsoft.VisualStudio.Component.Debugger.Snapshot|17.12.35410.122",
                  "Microsoft.VisualStudio.Component.DiagnosticTools|17.12.35410.122",
                  "Microsoft.VisualStudio.Component.DockerTools|17.12.35410.122",
                  "Microsoft.VisualStudio.Component.DotNetModelBuilder|17.12.35410.122",
                  "Microsoft.VisualStudio.Component.DslTools|17.12.35410.122",
                  "Microsoft.VisualStudio.Component.Embedded|17.12.35410.122",
                  "Microsoft.VisualStudio.Component.EntityFramework|17.12.35410.122",
                  "Microsoft.VisualStudio.Component.FSharp|17.12.35410.122",
                  "Microsoft.VisualStudio.Component.FSharp.Desktop|17.12.35410.122",
                  "Microsoft.VisualStudio.Component.FSharp.WebTemplates|17.12.35410.122",
                  "Microsoft.VisualStudio.Component.GraphDocument|17.12.35410.122",
                  "Microsoft.VisualStudio.Component.Graphics|17.12.35410.122",
                  "Microsoft.VisualStudio.Component.Graphics.Tools|17.12.35410.122",
                  "Microsoft.VisualStudio.Component.HLSL|17.12.35410.122",
                  "Microsoft.VisualStudio.Component.IISExpress|17.12.35410.122",
                  "Microsoft.VisualStudio.Component.IntelliCode|17.12.35527.102",
                  "Microsoft.VisualStudio.Component.IntelliTrace.FrontEnd|17.12.35410.122",
                  "Microsoft.VisualStudio.Component.JavaScript.Diagnostics|17.12.35410.122",
                  "Microsoft.VisualStudio.Component.JavaScript.TypeScript|17.12.35410.122",
                  "Microsoft.VisualStudio.Component.LinqToSql|17.12.35410.122",
                  "Microsoft.VisualStudio.Component.LiveUnitTesting|17.12.35410.122",
                  "Microsoft.VisualStudio.Component.ManagedDesktop.Core|17.12.35410.122",
                  "Microsoft.VisualStudio.Component.ManagedDesktop.Prerequisites|17.12.35410.122",
                  "Microsoft.VisualStudio.Component.Merq|17.12.35410.122",
                  "Microsoft.VisualStudio.Component.MonoDebugger|17.12.35410.122",
                  "Microsoft.VisualStudio.Component.MSODBC.SQL|17.12.35410.122",
                  "Microsoft.VisualStudio.Component.MSSQL.CMDLnUtils|17.12.35410.122",
                  "Microsoft.VisualStudio.Component.Node.Tools|17.12.35410.122",
                  "Microsoft.VisualStudio.Component.NuGet|17.12.35410.122",
                  "Microsoft.VisualStudio.Component.NuGet.BuildTools|17.12.35410.122",
                  "Microsoft.VisualStudio.Component.PortableLibrary|17.12.35410.122",
                  "Microsoft.VisualStudio.Component.Roslyn.Compiler|17.12.35410.122",
                  "Microsoft.VisualStudio.Component.Roslyn.LanguageServices|17.12.35410.122",
                  "Microsoft.VisualStudio.Component.Sharepoint.Tools|17.12.35410.122",
                  "Microsoft.VisualStudio.Component.SQL.CLR|17.12.35410.122",
                  "Microsoft.VisualStudio.Component.SQL.DataSources|17.12.35410.122",
                  "Microsoft.VisualStudio.Component.SQL.LocalDB.Runtime|17.12.35410.122",
                  "Microsoft.VisualStudio.Component.SQL.SSDT|17.12.35410.122",
                  "Microsoft.VisualStudio.Component.TeamOffice|17.12.35410.122",
                  "Microsoft.VisualStudio.Component.TestTools.CodedUITest|17.12.35410.122",
                  "Microsoft.VisualStudio.Component.TestTools.WebLoadTest|17.12.35410.122",
                  "Microsoft.VisualStudio.Component.TextTemplating|17.12.35410.122",
                  "Microsoft.VisualStudio.Component.TypeScript.TSServer|17.12.35410.122",
                  "Microsoft.VisualStudio.Component.Unity|17.12.35410.122",
                  "Microsoft.VisualStudio.Component.UWP.VC.ARM64|17.12.35410.122",
                  "Microsoft.VisualStudio.Component.UWP.VC.ARM64EC|17.12.35410.122",
                  "Microsoft.VisualStudio.Component.VC.14.29.16.11.ARM|17.12.35410.122",
                  "Microsoft.VisualStudio.Component.VC.14.29.16.11.ARM64|17.12.35410.122",
                  "Microsoft.VisualStudio.Component.VC.ASAN|17.12.35410.122",
                  "Microsoft.VisualStudio.Component.VC.ATL|17.12.35410.122",
                  "Microsoft.VisualStudio.Component.VC.ATL.ARM|17.12.35410.122",
                  "Microsoft.VisualStudio.Component.VC.ATL.ARM.Spectre|17.12.35410.122",
                  "Microsoft.VisualStudio.Component.VC.ATL.ARM64|17.12.35410.122",
                  "Microsoft.VisualStudio.Component.VC.ATL.ARM64.Spectre|17.12.35410.122",
                  "Microsoft.VisualStudio.Component.VC.ATL.Spectre|17.12.35410.122",
                  "Microsoft.VisualStudio.Component.VC.ATLMFC|17.12.35410.122",
                  "Microsoft.VisualStudio.Component.VC.ATLMFC.Spectre|17.12.35410.122",
                  "Microsoft.VisualStudio.Component.VC.CLI.Support|17.12.35410.122",
                  "Microsoft.VisualStudio.Component.VC.CMake.Project|17.12.35410.122",
                  "Microsoft.VisualStudio.Component.VC.CoreIde|17.12.35410.122",
                  "Microsoft.VisualStudio.Component.VC.DiagnosticTools|17.12.35527.67",
                  "Microsoft.VisualStudio.Component.VC.Llvm.Clang|17.12.35410.122",
                  "Microsoft.VisualStudio.Component.VC.Llvm.ClangToolset|17.12.35410.122",
                  "Microsoft.VisualStudio.Component.VC.MFC.ARM|17.12.35410.122",
                  "Microsoft.VisualStudio.Component.VC.MFC.ARM.Spectre|17.12.35410.122",
                  "Microsoft.VisualStudio.Component.VC.MFC.ARM64|17.12.35410.122",
                  "Microsoft.VisualStudio.Component.VC.MFC.ARM64.Spectre|17.12.35410.122",
                  "Microsoft.VisualStudio.Component.VC.Modules.x86.x64|17.12.35410.122",
                  "Microsoft.VisualStudio.Component.VC.Redist.14.Latest|17.12.35410.122",
                  "Microsoft.VisualStudio.Component.VC.Redist.MSM|17.12.35410.122",
                  "Microsoft.VisualStudio.Component.VC.Runtimes.ARM.Spectre|17.12.35410.122",
                  "Microsoft.VisualStudio.Component.VC.Runtimes.ARM64.Spectre|17.12.35410.122",
                  "Microsoft.VisualStudio.Component.VC.Runtimes.ARM64EC.Spectre|17.12.35410.122",
                  "Microsoft.VisualStudio.Component.VC.Runtimes.x86.x64.Spectre|17.12.35410.122",
                  "Microsoft.VisualStudio.Component.VC.TestAdapterForBoostTest|17.12.35410.122",
                  "Microsoft.VisualStudio.Component.VC.TestAdapterForGoogleTest|17.12.35410.122",
                  "Microsoft.VisualStudio.Component.VC.Tools.ARM|17.12.35410.122",
                  "Microsoft.VisualStudio.Component.VC.Tools.ARM64|17.12.35410.122",
                  "Microsoft.VisualStudio.Component.VC.Tools.ARM64EC|17.12.35410.122",
                  "Microsoft.VisualStudio.Component.VC.Tools.x86.x64|17.12.35410.122",
                  "Microsoft.VisualStudio.Component.Vcpkg|17.12.35410.122",
                  "Microsoft.VisualStudio.Component.VSSDK|17.12.35410.122",
                  "Microsoft.VisualStudio.Component.Wcf.Tooling|17.12.35410.122",
                  "Microsoft.VisualStudio.Component.Web|17.12.35410.122",
                  "Microsoft.VisualStudio.Component.WebDeploy|17.12.35410.122",
                  "Microsoft.VisualStudio.Component.Windows10SDK|17.12.35410.122",
                  "Microsoft.VisualStudio.Component.Windows11SDK.22621|17.12.35410.122",
                  "Microsoft.VisualStudio.Component.Windows11SDK.26100|17.12.35410.122",
                  "Microsoft.VisualStudio.Component.Windows11Sdk.WindowsPerformanceToolkit|17.12.35410.122",
                  "Microsoft.VisualStudio.Component.WindowsAppSdkSupport.CSharp|17.12.35410.122",
                  "Microsoft.VisualStudio.Component.Workflow|17.12.35410.122",
                  "Microsoft.VisualStudio.Component.WslDebugging|17.12.35410.122",
                  "Microsoft.VisualStudio.ComponentGroup.ArchitectureTools.Native|17.12.35410.122",
                  "Microsoft.VisualStudio.ComponentGroup.Azure.CloudServices|17.12.35410.122",
                  "Microsoft.VisualStudio.ComponentGroup.Azure.Prerequisites|17.12.35410.122",
                  "Microsoft.VisualStudio.ComponentGroup.Azure.ResourceManager.Tools|17.12.35410.122",
                  "Microsoft.VisualStudio.ComponentGroup.AzureFunctions|17.12.35410.122",
                  "Microsoft.VisualStudio.ComponentGroup.Maui.All|17.12.35410.122",
                  "Microsoft.VisualStudio.ComponentGroup.Maui.Android|17.12.35410.122",
                  "Microsoft.VisualStudio.ComponentGroup.Maui.Blazor|17.12.35410.122",
                  "Microsoft.VisualStudio.ComponentGroup.Maui.iOS|17.12.35410.122",
                  "Microsoft.VisualStudio.ComponentGroup.Maui.MacCatalyst|17.12.35410.122",
                  "Microsoft.VisualStudio.ComponentGroup.Maui.Shared|17.12.35410.122",
                  "Microsoft.VisualStudio.ComponentGroup.Maui.Windows|17.12.35410.122",
                  "Microsoft.VisualStudio.ComponentGroup.MSIX.Packaging|17.12.35410.122",
                  "Microsoft.VisualStudio.ComponentGroup.NativeDesktop.Core|17.12.35410.122",
                  "Microsoft.VisualStudio.ComponentGroup.NativeDesktop.Llvm.Clang|17.12.35410.122",
                  "Microsoft.VisualStudio.ComponentGroup.UWP.NetCoreAndStandard|17.12.35410.122",
                  "Microsoft.VisualStudio.ComponentGroup.UWP.VC.v142|17.12.35410.122",
                  "Microsoft.VisualStudio.ComponentGroup.VC.Tools.142.x86.x64|17.12.35410.122",
                  "Microsoft.VisualStudio.ComponentGroup.VisualStudioExtension.Prerequisites|17.12.35410.122",
                  "Microsoft.VisualStudio.ComponentGroup.Web|17.12.35410.122",
                  "Microsoft.VisualStudio.ComponentGroup.Web.CloudTools|17.12.35410.122",
                  "Microsoft.VisualStudio.ComponentGroup.WebToolsExtensions|17.12.35410.122",
                  "Microsoft.VisualStudio.ComponentGroup.WebToolsExtensions.CMake|17.12.35410.122",
                  "Microsoft.VisualStudio.ComponentGroup.WebToolsExtensions.TemplateEngine|17.12.35410.122",
                  "Microsoft.VisualStudio.ComponentGroup.WindowsAppDevelopment.Prerequisites|17.12.35410.122",
                  "Microsoft.VisualStudio.ComponentGroup.WindowsAppSDK.Cs|17.12.35410.122",
                  "Microsoft.VisualStudio.Workload.Azure|17.12.35410.122",
                  "Microsoft.VisualStudio.Workload.CoreEditor|17.12.35410.122",
                  "Microsoft.VisualStudio.Workload.Data|17.12.35410.122",
                  "Microsoft.VisualStudio.Workload.DataScience|17.12.35410.122",
                  "Microsoft.VisualStudio.Workload.ManagedDesktop|17.12.35410.122",
                  "Microsoft.VisualStudio.Workload.ManagedGame|17.12.35410.122",
                  "Microsoft.VisualStudio.Workload.NativeCrossPlat|17.12.35410.122",
                  "Microsoft.VisualStudio.Workload.NativeDesktop|17.12.35410.122",
                  "Microsoft.VisualStudio.Workload.NativeGame|17.12.35410.122",
                  "Microsoft.VisualStudio.Workload.NativeMobile|17.12.35410.122",
                  "Microsoft.VisualStudio.Workload.NetCrossPlat|17.12.35410.122",
                  "Microsoft.VisualStudio.Workload.NetWeb|17.12.35504.99",
                  "Microsoft.VisualStudio.Workload.Node|17.12.35410.122",
                  "Microsoft.VisualStudio.Workload.Office|17.12.35410.122",
                  "Microsoft.VisualStudio.Workload.Python|17.12.35410.122",
                  "Microsoft.VisualStudio.Workload.Universal|17.12.35410.122",
                  "Microsoft.VisualStudio.Workload.VisualStudioExtension|17.12.35410.122",
                  "runtimes.ios|9.0.24.52809",
                  "runtimes.ios.net8|9.0.24.52809",
                  "runtimes.maccatalyst|9.0.24.52809",
                  "runtimes.maccatalyst.net8|9.0.24.52809",
                  "wasm.tools|9.0.24.52809",
                  "ProBITools.MicrosoftAnalysisServicesModelingProjects2022|3.0.4",
                  "ProBITools.MicrosoftReportProjectsforVisualStudio2022|3.0.1",
                  "SSIS.MicrosoftDataToolsIntegrationServices|1.5",
                  "VisualStudioClient.MicrosoftVisualStudio2022InstallerProjects|2.0.1",
                  "Windows Driver Kit Visual Studio Extension|10.0.26100.10",
                  "Windows Software Development Kit|10.1.26100.1742",
                  "WixToolset.WixToolsetVisualStudio2022Extension|1.0.0.22"
                ]
              }
            },
            {
              "NodeType": "HeaderNode",
              "Title": "Microsoft Visual C++",
              "Children": {
                "NodeType": "TableNode",
                "Headers": "Name|Architecture|Version",
                "Rows": [
                  "Microsoft Visual C++ 2013 Additional Runtime|x64|12.0.40660",
                  "Microsoft Visual C++ 2013 Minimum Runtime|x64|12.0.40660",
                  "Microsoft Visual C++ 2022 Additional Runtime|x64|14.42.34433",
                  "Microsoft Visual C++ 2022 Debug Runtime|x64|14.42.34433",
                  "Microsoft Visual C++ 2022 Minimum Runtime|x64|14.42.34433",
                  "Microsoft Visual C++ 2022 Additional Runtime|x86|14.42.34433",
                  "Microsoft Visual C++ 2022 Debug Runtime|x86|14.42.34433",
                  "Microsoft Visual C++ 2022 Minimum Runtime|x86|14.42.34433"
                ]
              }
            },
            {
              "NodeType": "ToolVersionsListNode",
              "ToolName": "Installed Windows SDKs",
              "Versions": [
                "10.0.22621.0",
                "10.0.26100.0"
              ],
              "MajorVersionRegex": "^.+",
              "ListType": "List"
            }
          ]
        },
        {
          "NodeType": "HeaderNode",
          "Title": ".NET Core Tools",
          "Children": [
            {
              "NodeType": "ToolVersionsListNode",
              "ToolName": ".NET Core SDK",
              "Versions": [
                "8.0.111",
                "8.0.206",
                "8.0.307",
                "8.0.404",
                "9.0.101"
              ],
              "MajorVersionRegex": "^\\d+\\.\\d+\\.\\d",
              "ListType": "Inline"
            },
            {
              "NodeType": "ToolVersionsListNode",
              "ToolName": ".NET Framework",
              "Versions": [
                "4.8",
                "4.8.1"
              ],
              "MajorVersionRegex": "^.+",
              "ListType": "Inline"
            },
            {
              "NodeType": "ToolVersionsListNode",
              "ToolName": "Microsoft.AspNetCore.App",
              "Versions": [
                "6.0.36",
                "8.0.6",
                "8.0.11",
                "9.0.0"
              ],
              "MajorVersionRegex": "^.+",
              "ListType": "Inline"
            },
            {
              "NodeType": "ToolVersionsListNode",
              "ToolName": "Microsoft.NETCore.App",
              "Versions": [
                "6.0.36",
                "8.0.6",
                "8.0.11",
                "9.0.0"
              ],
              "MajorVersionRegex": "^.+",
              "ListType": "Inline"
            },
            {
              "NodeType": "ToolVersionsListNode",
              "ToolName": "Microsoft.WindowsDesktop.App",
              "Versions": [
                "6.0.36",
                "8.0.6",
                "8.0.11",
                "9.0.0"
              ],
              "MajorVersionRegex": "^.+",
              "ListType": "Inline"
            },
            {
              "NodeType": "ToolVersionNode",
              "ToolName": "nbgv",
              "Version": "3.7.112+63bbe780b0"
            }
          ]
        },
        {
          "NodeType": "HeaderNode",
          "Title": "PowerShell Tools",
          "Children": [
            {
              "NodeType": "ToolVersionNode",
              "ToolName": "PowerShell",
              "Version": "7.4.6"
            },
            {
              "NodeType": "HeaderNode",
              "Title": "Powershell Modules",
              "Children": [
                {
                  "NodeType": "ToolVersionsListNode",
                  "ToolName": "Az",
                  "Versions": [
                    "12.4.0"
                  ],
                  "MajorVersionRegex": "^\\d+\\.\\d+",
                  "ListType": "Inline"
                },
                {
                  "NodeType": "ToolVersionsListNode",
                  "ToolName": "AWSPowershell",
                  "Versions": [
                    "4.1.718"
                  ],
                  "MajorVersionRegex": "^\\d+",
                  "ListType": "Inline"
                },
                {
                  "NodeType": "ToolVersionsListNode",
                  "ToolName": "DockerMsftProvider",
                  "Versions": [
                    "1.0.0.8"
                  ],
                  "MajorVersionRegex": "^\\d+",
                  "ListType": "Inline"
                },
                {
                  "NodeType": "ToolVersionsListNode",
                  "ToolName": "MarkdownPS",
                  "Versions": [
                    "1.10"
                  ],
                  "MajorVersionRegex": "^\\d+",
                  "ListType": "Inline"
                },
                {
                  "NodeType": "ToolVersionsListNode",
                  "ToolName": "Microsoft.Graph",
                  "Versions": [
                    "2.25.0"
                  ],
                  "MajorVersionRegex": "^\\d+",
                  "ListType": "Inline"
                },
                {
                  "NodeType": "ToolVersionsListNode",
                  "ToolName": "Pester",
                  "Versions": [
                    "3.4.0",
                    "5.6.1"
                  ],
                  "MajorVersionRegex": "^\\d+",
                  "ListType": "Inline"
                },
                {
                  "NodeType": "ToolVersionsListNode",
                  "ToolName": "PowerShellGet",
                  "Versions": [
                    "1.0.0.1",
                    "2.2.5"
                  ],
                  "MajorVersionRegex": "^\\d+",
                  "ListType": "Inline"
                },
                {
                  "NodeType": "ToolVersionsListNode",
                  "ToolName": "PSScriptAnalyzer",
                  "Versions": [
                    "1.23.0"
                  ],
                  "MajorVersionRegex": "^\\d+",
                  "ListType": "Inline"
                },
                {
                  "NodeType": "ToolVersionsListNode",
                  "ToolName": "PSWindowsUpdate",
                  "Versions": [
                    "2.2.1.5"
                  ],
                  "MajorVersionRegex": "^\\d+",
                  "ListType": "Inline"
                },
                {
                  "NodeType": "ToolVersionsListNode",
                  "ToolName": "SqlServer",
                  "Versions": [
                    "22.3.0"
                  ],
                  "MajorVersionRegex": "^\\d+",
                  "ListType": "Inline"
                },
                {
                  "NodeType": "ToolVersionsListNode",
                  "ToolName": "VSSetup",
                  "Versions": [
                    "2.2.16"
                  ],
                  "MajorVersionRegex": "^\\d+",
                  "ListType": "Inline"
                }
              ]
            }
          ]
        },
        {
          "NodeType": "HeaderNode",
          "Title": "Android",
          "Children": [
            {
              "NodeType": "TableNode",
              "Headers": "Package Name|Version",
              "Rows": [
                "Android Command Line Tools|16.0",
                "Android Emulator|35.2.10",
                "Android SDK Build-tools|35.0.0",
                "Android SDK Platforms|android-35-ext14 (rev 1)<br>android-35 (rev 1)<br>android-34 (rev 3)",
                "Android SDK Platform-Tools|35.0.2",
                "Android Support Repository|47.0.0",
                "CMake|3.22.1<br>3.30.5",
                "Google Play services|49",
                "Google Repository|58",
                "NDK|26.3.11579264<br>27.2.12479018"
              ]
            },
            {
              "NodeType": "HeaderNode",
              "Title": "Environment variables",
              "Children": {
                "NodeType": "TableNode",
                "Headers": "Name|Value",
                "Rows": [
                  "ANDROID_HOME|C:\\Android\\android-sdk",
                  "ANDROID_NDK|C:\\Android\\android-sdk\\ndk\\27.2.12479018",
                  "ANDROID_NDK_HOME|C:\\Android\\android-sdk\\ndk\\27.2.12479018",
                  "ANDROID_NDK_LATEST_HOME|C:\\Android\\android-sdk\\ndk\\27.2.12479018",
                  "ANDROID_NDK_ROOT|C:\\Android\\android-sdk\\ndk\\27.2.12479018",
                  "ANDROID_SDK_ROOT|C:\\Android\\android-sdk"
                ]
              }
            }
          ]
        }
      ]
    }
  ]
}
